model,epoch,train_loss,val_loss,val_accuracy,val_precision,val_recall,val_f1
FlexibleCNN1,1,1.8631777117162351,0.8228038359449421,0.646914005279541,0.6825172901153564,0.646914005279541,0.6518632769584656
FlexibleCNN1,2,0.9061100112675334,0.5558802447778598,0.7489060163497925,0.8011866807937622,0.7489060163497925,0.7444984912872314
FlexibleCNN1,3,0.6950851425079708,0.40367049750116724,0.8098738193511963,0.8533803224563599,0.8098738193511963,0.8191811442375183
FlexibleCNN1,4,0.5690277109095317,0.35796224643585506,0.8410190939903259,0.8671121597290039,0.8410190939903259,0.8453010320663452
FlexibleCNN1,5,0.502516830500593,0.33579637268117923,0.8537218570709229,0.8835018873214722,0.8537218570709229,0.8615322113037109
FlexibleCNN1,6,0.45434080845554237,0.30340066733281257,0.8817850351333618,0.8870114684104919,0.8817850351333618,0.8796247839927673
FlexibleCNN1,7,0.41889893146278073,0.2297346062423116,0.902919590473175,0.911899209022522,0.902919590473175,0.905087947845459
FlexibleCNN1,8,0.3688277048498929,0.23010510447348753,0.8988155126571655,0.9158849716186523,0.8988155126571655,0.9044227600097656
FlexibleCNN1,9,0.3532828609527576,0.19078514902338503,0.9250205755233765,0.9274967908859253,0.9250205755233765,0.9242011308670044
FlexibleCNN1,10,0.3355634911537296,0.19638480117454202,0.9231739044189453,0.9248127341270447,0.9231739044189453,0.92075514793396
FlexibleCNN1,11,0.30771071286785057,0.16460143711539116,0.9325578212738037,0.9336850047111511,0.9325578212738037,0.9313549399375916
FlexibleCNN1,12,0.29797911790073284,0.15109159932171662,0.9339779615402222,0.9392059445381165,0.9339779615402222,0.9343893527984619
FlexibleCNN1,13,0.27484350367453514,0.16167470050633795,0.9317939877510071,0.9350281953811646,0.9317939877510071,0.932246208190918
FlexibleCNN1,14,0.2728679968113493,0.13814241308387326,0.9371557831764221,0.9482051134109497,0.9371557831764221,0.9414899349212646
FlexibleCNN1,15,0.2487247410627097,0.15125451340969534,0.9361884593963623,0.940990686416626,0.9361884593963623,0.936996340751648
FlexibleCNN2,1,2.374150304030419,1.6796066984945899,0.6187554597854614,0.6971737742424011,0.6187554597854614,0.6159074306488037
FlexibleCNN2,2,1.7398676484411646,1.4692451067538697,0.7295994162559509,0.7689599394798279,0.7295994162559509,0.7263244390487671
FlexibleCNN2,3,1.5701374483378203,1.3477820633231972,0.8226350545883179,0.87860107421875,0.8226350545883179,0.834345817565918
FlexibleCNN2,4,1.4765692800185437,1.2686039539697787,0.8709194660186768,0.9054279327392578,0.8709194660186768,0.878495454788208
FlexibleCNN2,5,1.4282212172341036,1.2455379763287662,0.8859809041023254,0.9112156629562378,0.8859809041023254,0.8916959762573242
FlexibleCNN2,6,1.386000014706127,1.219568189204727,0.9029157161712646,0.9298272132873535,0.9029157161712646,0.9129863977432251
FlexibleCNN2,7,1.3521204292280304,1.2052678630131017,0.9046509861946106,0.9267056584358215,0.9046509861946106,0.9122233390808105
FlexibleCNN2,8,1.3273986918039107,1.176446036856331,0.921051025390625,0.9403128027915955,0.921051025390625,0.9281303286552429
FlexibleCNN2,9,1.3075816535266092,1.16938562377089,0.9285867214202881,0.9456658363342285,0.9285867214202881,0.9355562925338745
FlexibleCNN2,10,1.2920400579806992,1.1469504894545797,0.9445015788078308,0.9539322853088379,0.9445015788078308,0.9478460550308228
FlexibleCNN2,11,1.2744847317675172,1.1394370343657343,0.9407961368560791,0.9574944972991943,0.9407961368560791,0.9443076848983765
FlexibleCNN2,12,1.2618620066960737,1.1248837461348615,0.9490818977355957,0.9637136459350586,0.9490818977355957,0.9551517963409424
FlexibleCNN2,13,1.2529216562339103,1.1183608669090155,0.958571195602417,0.9624557495117188,0.958571195602417,0.9601752758026123
FlexibleCNN2,14,1.241930686096353,1.1080506750233265,0.9590829014778137,0.9665717482566833,0.9590829014778137,0.9621591567993164
FlexibleCNN2,15,1.2264947565891045,1.102623444733406,0.9571636319160461,0.9699182510375977,0.9571636319160461,0.9625453948974609
ResNet18 Stage1,1,2.4035142267438654,1.584242357572505,0.4717673659324646,0.6743121147155762,0.4717673659324646,0.48268914222717285
ResNet18 Stage1,2,1.3021447377535413,0.9562431075149991,0.710687518119812,0.7847965955734253,0.710687518119812,0.7292548418045044
ResNet18 Stage1,3,0.8876566068429658,0.6819532921886503,0.78800368309021,0.8619836568832397,0.78800368309021,0.80027174949646
ResNet18 Stage1,4,0.6836356631599099,0.5508448669374757,0.8199561834335327,0.9021893739700317,0.8199561834335327,0.8364318013191223
ResNet18 Stage1,5,0.5644126970486062,0.45432064494448543,0.8424192070960999,0.9047600030899048,0.8424192070960999,0.8582280874252319
ResNet18 Stage1,6,0.4846247604908354,0.3966320342634118,0.855603039264679,0.9103938937187195,0.855603039264679,0.8714219331741333
ResNet18 Stage1,7,0.43112482355877424,0.3556936736996734,0.8726612329483032,0.9157445430755615,0.8726612329483032,0.8858190178871155
ResNet18 Stage1,8,0.38763757538798604,0.3209383999006085,0.8899033069610596,0.9221057891845703,0.8899033069610596,0.9009130597114563
ResNet18 Stage1,9,0.35628272387662496,0.29719652166170457,0.8974919319152832,0.9224702715873718,0.8974919319152832,0.9064923524856567
ResNet18 Stage1,10,0.33165219157020875,0.2766851397655433,0.9011707305908203,0.927634060382843,0.9011707305908203,0.9112326502799988
ResNet18 Stage1,11,0.31437512313505855,0.259130426068625,0.9119753241539001,0.9272497892379761,0.9119753241539001,0.9180059432983398
ResNet18 Stage1,12,0.29838247041035587,0.24700796907851125,0.9124666452407837,0.9299534559249878,0.9124666452407837,0.9191179871559143
ResNet18 Stage1,13,0.2805590737952569,0.23792912149590317,0.9189900159835815,0.93117356300354,0.9189900159835815,0.9235919713973999
ResNet18 Stage1,14,0.2686226493321672,0.22756189437202326,0.9161072969436646,0.9358791708946228,0.9161072969436646,0.9233987331390381
ResNet18 Stage1,15,0.25576892570729287,0.2195771107979535,0.9156990051269531,0.9327093362808228,0.9156990051269531,0.9213908910751343
ResNet18 Stage2,1,0.10534482102926394,0.047261819628537836,0.9776837825775146,0.980903685092926,0.9776837825775146,0.9788564443588257
ResNet18 Stage2,2,0.0395468837030229,0.03892358509129619,0.9798942804336548,0.9830448627471924,0.9798942804336548,0.9812955260276794
ResNet18 Stage2,3,0.023793574731478986,0.03173163656312275,0.9811797738075256,0.9860738515853882,0.9811797738075256,0.9834668040275574
ResNet18 Stage2,4,0.019174413882635948,0.04178266518956829,0.9755160212516785,0.9839465022087097,0.9755160212516785,0.9791643619537354
ResNet18 Stage2,5,0.017176256361870087,0.03499742059609947,0.9820796251296997,0.9846816062927246,0.9820796251296997,0.9831474423408508
ResNet18 Stage2,6,0.013313770043762533,0.03152218136322977,0.9853039979934692,0.9885041117668152,0.9853039979934692,0.9867584705352783
ResNet18 Stage2,7,0.012169434681626515,0.02872181236463787,0.986335813999176,0.9895138740539551,0.986335813999176,0.9878695011138916
ResNet18 Stage2,8,0.010861494750133333,0.029874023257487753,0.9838868379592896,0.9858856201171875,0.9838868379592896,0.9847519397735596
ResNet18 Stage2,9,0.00990636776085425,0.024405119649121426,0.9891215562820435,0.9900457859039307,0.9891215562820435,0.9894751310348511
ResNet18 Stage2,10,0.009470454641860006,0.026990397551032372,0.9870069026947021,0.9855260848999023,0.9870069026947021,0.9861294031143188
ResNet18 Stage2,11,0.011038469226653929,0.03214180245449713,0.9865394234657288,0.9853155016899109,0.9865394234657288,0.9856098890304565
ResNet18 Stage2,12,0.008021088405820345,0.03097321623558964,0.9879753589630127,0.9835532307624817,0.9879753589630127,0.9855489730834961
ResNet18 Stage2,13,0.007402782909423968,0.02479709608913694,0.9896358251571655,0.9876893758773804,0.9896358251571655,0.9885982871055603
ResNet18 Stage2,14,0.0036494089802869504,0.019089395772497655,0.9914917945861816,0.9921123385429382,0.9914917945861816,0.9917542934417725
ResNet18 Stage2,15,0.002397527937210744,0.018310950453618417,0.9914677739143372,0.9928027987480164,0.9914677739143372,0.9920674562454224
MobileNetV3 Stage1,1,1.2421849649751813,0.38983091444344226,0.8431882858276367,0.8947613835334778,0.8431882858276367,0.8584185838699341
MobileNetV3 Stage1,2,0.40701809657352245,0.24854102945166764,0.9040716290473938,0.9180364608764648,0.9040716290473938,0.9084198474884033
MobileNetV3 Stage1,3,0.30828680253830076,0.19594234091105675,0.9294751286506653,0.9278862476348877,0.9294751286506653,0.9269959926605225
MobileNetV3 Stage1,4,0.2533657215032925,0.17221098625089143,0.9328981041908264,0.9314401149749756,0.9328981041908264,0.93146812915802
MobileNetV3 Stage1,5,0.22775859273171464,0.15336682752570613,0.941698431968689,0.9416484832763672,0.941698431968689,0.9402381181716919
MobileNetV3 Stage1,6,0.21070528045545578,0.14217010563030208,0.9469518065452576,0.9472724199295044,0.9469518065452576,0.9465655088424683
MobileNetV3 Stage1,7,0.19426706957374923,0.13084304190216217,0.9519969820976257,0.9508480429649353,0.9519969820976257,0.9511738419532776
MobileNetV3 Stage1,8,0.17611586563147072,0.12780711596970035,0.951092004776001,0.9532699584960938,0.951092004776001,0.9508854150772095
MobileNetV3 Stage1,9,0.17406002635252127,0.12406424189031014,0.9501113891601562,0.956134557723999,0.9501113891601562,0.9524168372154236
MobileNetV3 Stage1,10,0.16287816925184767,0.1210616135977762,0.9514122009277344,0.9547345638275146,0.9514122009277344,0.9520095586776733
MobileNetV3 Stage1,11,0.1527136691240955,0.11177476200957179,0.9613871574401855,0.9550015330314636,0.9613871574401855,0.9578576683998108
MobileNetV3 Stage1,12,0.14550152913051484,0.10525529977183462,0.9553006887435913,0.9560166597366333,0.9553006887435913,0.9553462266921997
MobileNetV3 Stage1,13,0.13984173196413854,0.10312889049743273,0.9581944346427917,0.9562008380889893,0.9581944346427917,0.9568264484405518
MobileNetV3 Stage1,14,0.1328732274107191,0.09839818429606616,0.9588264226913452,0.9563837051391602,0.9588264226913452,0.9570852518081665
MobileNetV3 Stage1,15,0.13012629497228415,0.09542226891637653,0.9609728455543518,0.9593974351882935,0.9609728455543518,0.9598864316940308
MobileNetV3 Stage2,1,0.12177803708948651,0.08918284343074186,0.9644293189048767,0.9646787047386169,0.9644293189048767,0.964425802230835
MobileNetV3 Stage2,2,0.11354379646189038,0.08900969361164879,0.962010383605957,0.9619026780128479,0.962010383605957,0.9614874124526978
MobileNetV3 Stage2,3,0.10307881315276135,0.08031710687318121,0.9652308821678162,0.9626003503799438,0.9652308821678162,0.963661789894104
MobileNetV3 Stage2,4,0.09837974994477043,0.07751336821461836,0.9639724493026733,0.9656732678413391,0.9639724493026733,0.9645562171936035
MobileNetV3 Stage2,5,0.09257526810147583,0.07493036549705315,0.9680550694465637,0.9647913575172424,0.9680550694465637,0.9659576416015625
MobileNetV3 Stage2,6,0.08514099021863737,0.07206528779094097,0.9683090448379517,0.9647021889686584,0.9683090448379517,0.9660705327987671
MobileNetV3 Stage2,7,0.08175505466517156,0.06908755339842182,0.9693212509155273,0.965280294418335,0.9693212509155273,0.966618537902832
MobileNetV3 Stage2,8,0.07534149952559162,0.06707369496736006,0.9695991277694702,0.9685465097427368,0.9695991277694702,0.968702495098114
MobileNetV3 Stage2,9,0.072873429310811,0.06651413105634035,0.9687250852584839,0.9686512351036072,0.9687250852584839,0.9685443639755249
MobileNetV3 Stage2,10,0.06970479445911451,0.06441983016010001,0.97059166431427,0.9688147902488708,0.97059166431427,0.9693901538848877
MobileNetV3 Stage2,11,0.06514470927597589,0.0631824054926213,0.97087562084198,0.9716271162033081,0.97087562084198,0.970500111579895
MobileNetV3 Stage2,12,0.06288531878214675,0.06035536119749826,0.9710818529129028,0.9721066951751709,0.9710818529129028,0.971272349357605
MobileNetV3 Stage2,13,0.06265153782472836,0.05829293567428858,0.9707376956939697,0.971948504447937,0.9707376956939697,0.970784068107605
MobileNetV3 Stage2,14,0.05505088115034802,0.0558127721809331,0.975417971611023,0.9741470813751221,0.975417971611023,0.9746411442756653
MobileNetV3 Stage2,15,0.05393534520456983,0.053932022276357905,0.9745752215385437,0.9746537804603577,0.9745752215385437,0.9744241237640381
